--INSERE CLIENTES
INSERT INTO CLIENTES (IDCLIENTE, CPF, CNH,  VALIDADECNH ,  NOME, DATACADASTRO, DATANASCIMENTO,  TELEFONE, STATUS) VALUES (1,'16528447080','44971318961','30/09/2021','Alvito Espargosa','25/01/2019','15/03/1973','51390834589','Ativo');
INSERT INTO CLIENTES (IDCLIENTE, CPF, CNH,  VALIDADECNH ,  NOME, DATACADASTRO, DATANASCIMENTO,  TELEFONE, STATUS) VALUES (2,'83327244065','44976832700','24/02/2028','Blasco Canto','15/01/2019','31/10/1969','51922375520','Ativo');
INSERT INTO CLIENTES (IDCLIENTE, CPF, CNH,  VALIDADECNH ,  NOME, DATACADASTRO, DATANASCIMENTO,  TELEFONE, STATUS) VALUES (3,'54513828080','27672609233','11/12/2024','Carminda Veríssimo','09/04/2019','03/11/1967','51738662107','Ativo');
INSERT INTO CLIENTES (IDCLIENTE, CPF, CNH,  VALIDADECNH ,  NOME, DATACADASTRO, DATANASCIMENTO,  TELEFONE, STATUS) VALUES (4,'54075418316','75523770439','02/08/2025','Cleusa Lamego','26/05/2019','26/10/1961','51824283267','Ativo');
INSERT INTO CLIENTES (IDCLIENTE, CPF, CNH,  VALIDADECNH ,  NOME, DATACADASTRO, DATANASCIMENTO,  TELEFONE, STATUS) VALUES (5,'41148381120','55079718160','21/08/2020','Clóvis Carrasco','28/01/2019','02/11/1974','51056509510','Ativo');
INSERT INTO CLIENTES (IDCLIENTE, CPF, CNH,  VALIDADECNH ,  NOME, DATACADASTRO, DATANASCIMENTO,  TELEFONE, STATUS) VALUES (6,'85588747194','30471250272','05/06/2020','Cátia Fróis','23/05/2019','08/07/1965','51901121962','Ativo');
INSERT INTO CLIENTES (IDCLIENTE, CPF, CNH,  VALIDADECNH ,  NOME, DATACADASTRO, DATANASCIMENTO,  TELEFONE, STATUS) VALUES (7,'10003401804','45948223160','27/05/2027','Emílio Faro','17/04/2019','23/09/1966','51608924744','Ativo');
INSERT INTO CLIENTES (IDCLIENTE, CPF, CNH,  VALIDADECNH ,  NOME, DATACADASTRO, DATANASCIMENTO,  TELEFONE, STATUS) VALUES (8,'41555470319','15942100562','16/05/2026','Hipólito Granja','13/05/2019','21/09/1974','51020081027','Ativo');
INSERT INTO CLIENTES (IDCLIENTE, CPF, CNH,  VALIDADECNH ,  NOME, DATACADASTRO, DATANASCIMENTO,  TELEFONE, STATUS) VALUES (9,'86405032817','43316295637','25/11/2027','Iara Cardoso','04/04/2019','18/06/1981','51815002282','Ativo');
INSERT INTO CLIENTES (IDCLIENTE, CPF, CNH,  VALIDADECNH ,  NOME, DATACADASTRO, DATANASCIMENTO,  TELEFONE, STATUS) VALUES (10,'15516586747','76742255766','25/12/2021','Isaura Farias','04/05/2019','22/04/1971','51081565935','Ativo');
INSERT INTO CLIENTES (IDCLIENTE, CPF, CNH,  VALIDADECNH ,  NOME, DATACADASTRO, DATANASCIMENTO,  TELEFONE, STATUS) VALUES (11,'44818765309','63408388553','03/05/2027','Iuri Alancastre','18/02/2019','15/07/1970','51505707400','Ativo');
INSERT INTO CLIENTES (IDCLIENTE, CPF, CNH,  VALIDADECNH ,  NOME, DATACADASTRO, DATANASCIMENTO,  TELEFONE, STATUS) VALUES (12,'11257675109','41824436778','22/05/2020','Laura Marcondes','30/06/2019','29/08/1985','51532760959','Ativo');
INSERT INTO CLIENTES (IDCLIENTE, CPF, CNH,  VALIDADECNH ,  NOME, DATACADASTRO, DATANASCIMENTO,  TELEFONE, STATUS) VALUES (13,'88357618405','49548848905','25/03/2021','Micael Mangueira','24/05/2019','08/01/1994','51050644140','Ativo');
INSERT INTO CLIENTES (IDCLIENTE, CPF, CNH,  VALIDADECNH ,  NOME, DATACADASTRO, DATANASCIMENTO,  TELEFONE, STATUS) VALUES (14,'58831402110','84776516129','08/03/2026','Márcio Taveira','13/02/2019','07/06/1963','51545396437','Ativo');
INSERT INTO CLIENTES (IDCLIENTE, CPF, CNH,  VALIDADECNH ,  NOME, DATACADASTRO, DATANASCIMENTO,  TELEFONE, STATUS) VALUES (15,'86405301141','89650561775','06/05/2027','Noêmia   Tupinambá','28/06/2019','12/03/1987','51073079084','Ativo');
INSERT INTO CLIENTES (IDCLIENTE, CPF, CNH,  VALIDADECNH ,  NOME, DATACADASTRO, DATANASCIMENTO,  TELEFONE, STATUS) VALUES (16,'70686300220','95360639928','19/07/2028','Paula Padilha','09/04/2019','16/05/1996','51468982948','Ativo');
INSERT INTO CLIENTES (IDCLIENTE, CPF, CNH,  VALIDADECNH ,  NOME, DATACADASTRO, DATANASCIMENTO,  TELEFONE, STATUS) VALUES (17,'70805566600','61460867546','31/05/2022','Rebeca Torcuato','09/02/2019','06/12/1994','51398031738','Ativo');
INSERT INTO CLIENTES (IDCLIENTE, CPF, CNH,  VALIDADECNH ,  NOME, DATACADASTRO, DATANASCIMENTO,  TELEFONE, STATUS) VALUES (18,'84611132765','85761272593','24/03/2023','Rosana Betancour','10/05/2019','08/06/1976','51298196500','Ativo');
INSERT INTO CLIENTES (IDCLIENTE, CPF, CNH,  VALIDADECNH ,  NOME, DATACADASTRO, DATANASCIMENTO,  TELEFONE, STATUS) VALUES (19,'72887644190','40239379806','06/09/2022','Sabino Abrantes','27/05/2019','16/02/1982','51805190959','Ativo');
INSERT INTO CLIENTES (IDCLIENTE, CPF, CNH,  VALIDADECNH ,  NOME, DATACADASTRO, DATANASCIMENTO,  TELEFONE, STATUS) VALUES (20,'73201278572','56448355307','02/02/2025','Severino Leiria','15/02/2019','06/08/1965','51837010991','Ativo');
INSERT INTO CLIENTES (IDCLIENTE, CPF, CNH,  VALIDADECNH ,  NOME, DATACADASTRO, DATANASCIMENTO,  TELEFONE, STATUS) VALUES (21,'35215454663','33281183954','26/07/2027','Tobias Garcés','15/06/2019','20/08/1962','51038698605','Ativo');
INSERT INTO CLIENTES (IDCLIENTE, CPF, CNH,  VALIDADECNH ,  NOME, DATACADASTRO, DATANASCIMENTO,  TELEFONE, STATUS) VALUES (22,'77853823525','55351556215','14/08/2028','Vanderlei Açores','18/01/2019','06/05/1998','51069055089','Inativo');
INSERT INTO CLIENTES (IDCLIENTE, CPF, CNH,  VALIDADECNH ,  NOME, DATACADASTRO, DATANASCIMENTO,  TELEFONE, STATUS) VALUES (23,'05013312205','32675365584','15/12/2021','Vicente Rosa','14/05/2019','09/11/1983','51782871990','Ativo');
INSERT INTO CLIENTES (IDCLIENTE, CPF, CNH,  VALIDADECNH ,  NOME, DATACADASTRO, DATANASCIMENTO,  TELEFONE, STATUS) VALUES (24,'57460105538','54721641167','03/02/2028','Xisto Mendoça','06/06/2019','27/07/1969','51862632282','Ativo');
INSERT INTO CLIENTES (IDCLIENTE, CPF, CNH,  VALIDADECNH ,  NOME, DATACADASTRO, DATANASCIMENTO,  TELEFONE, STATUS) VALUES (25,'02251571280','83497776322','08/02/2025','Zeferino Matoso','01/05/2019','23/03/1973','51230738729','Ativo');
--INSERE DESPACHANTES
INSERT INTO DESPACHANTES (IDDESPACHANTE, NOME, STATUS, FILIAL) VALUES (1,'Carminda Pestana','Ativo','Santa Maria');
INSERT INTO DESPACHANTES (IDDESPACHANTE, NOME, STATUS, FILIAL) VALUES (2,'Deolinda Vilela','Ativo','Novo Hamburgo');
INSERT INTO DESPACHANTES (IDDESPACHANTE, NOME, STATUS, FILIAL) VALUES (3,'Emídio Dornelles','Ativo','Porto Alegre');
INSERT INTO DESPACHANTES (IDDESPACHANTE, NOME, STATUS, FILIAL) VALUES (4,'Felisbela Dornelles','Ativo','Porto Alegre');
INSERT INTO DESPACHANTES (IDDESPACHANTE, NOME, STATUS, FILIAL) VALUES (5,'Graça Ornellas','Ativo','Porto Alegre');
INSERT INTO DESPACHANTES (IDDESPACHANTE, NOME, STATUS, FILIAL) VALUES (6,'Matilde Rebouças','Ativo','Porto Alegre');
INSERT INTO DESPACHANTES (IDDESPACHANTE, NOME, STATUS, FILIAL) VALUES (7,'Noêmia   Orriça','Ativo','Santa Maria');
INSERT INTO DESPACHANTES (IDDESPACHANTE, NOME, STATUS, FILIAL) VALUES (8,'Roque Vásquez','Ativo','Porto Alegre');
INSERT INTO DESPACHANTES (IDDESPACHANTE, NOME, STATUS, FILIAL) VALUES (9,'Uriel Queiroz','Ativo','Porto Alegre');
INSERT INTO DESPACHANTES (IDDESPACHANTE, NOME, STATUS, FILIAL) VALUES (10,'Viviana Sequeira','Ativo','Porto Alegre');
--INSERE VEICULOS
INSERT INTO VEICULOS (IDVEICULO, DATAAQUISICAO, ANO, MODELO, PLACA, STATUS, DIARIA) VALUES (1,'25/01/2019',2019,'Tesla Model S P90D','LWJ2929','Disponível',1800);
INSERT INTO VEICULOS (IDVEICULO, DATAAQUISICAO, ANO, MODELO, PLACA, STATUS, DIARIA) VALUES (2,'04/01/2019',2019,'Volvo XC90 T8 Hybrid','LWJ2930','Disponível',1600);
INSERT INTO VEICULOS (IDVEICULO, DATAAQUISICAO, ANO, MODELO, PLACA, STATUS, DIARIA) VALUES (3,'10/01/2019',2019,'BMW 750i xDrive','LWJ2931','Disponível',1450);
INSERT INTO VEICULOS (IDVEICULO, DATAAQUISICAO, ANO, MODELO, PLACA, STATUS, DIARIA) VALUES (4,'28/01/2019',2019,'Mercedes-Benz S65 AMG Coupe','LWJ2932','Disponível',1950);
INSERT INTO VEICULOS (IDVEICULO, DATAAQUISICAO, ANO, MODELO, PLACA, STATUS, DIARIA) VALUES (5,'12/01/2019',2019,'Infiniti Q50S 3.7 Sedan','LWJ2933','Disponível',2100);
INSERT INTO VEICULOS (IDVEICULO, DATAAQUISICAO, ANO, MODELO, PLACA, STATUS, DIARIA) VALUES (6,'30/01/2019',2019,'Volvo XC90 T8 Hybrid','LWJ2934','Disponível',1600);
INSERT INTO VEICULOS (IDVEICULO, DATAAQUISICAO, ANO, MODELO, PLACA, STATUS, DIARIA) VALUES (7,'06/01/2019',2019,'BMW 750i xDrive','LWJ2935','Disponível',1450);
INSERT INTO VEICULOS (IDVEICULO, DATAAQUISICAO, ANO, MODELO, PLACA, STATUS, DIARIA) VALUES (8,'24/01/2019',2019,'Infiniti Q50S 3.7 Sedan','LWJ2936','Disponível',2100);
INSERT INTO VEICULOS (IDVEICULO, DATAAQUISICAO, ANO, MODELO, PLACA, STATUS, DIARIA) VALUES (9,'27/01/2019',2019,'BMW 750i xDrive','LWJ2937','Disponível',1450);
INSERT INTO VEICULOS (IDVEICULO, DATAAQUISICAO, ANO, MODELO, PLACA, STATUS, DIARIA) VALUES (10,'19/01/2019',2019,'Tesla Model S P90D','LWJ2938','Disponível',1800);
INSERT INTO VEICULOS (IDVEICULO, DATAAQUISICAO, ANO, MODELO, PLACA, STATUS, DIARIA) VALUES (11,'27/01/2019',2019,'Infiniti Q50S 3.7 Sedan','LWJ2939','Disponível',2100);
INSERT INTO VEICULOS (IDVEICULO, DATAAQUISICAO, ANO, MODELO, PLACA, STATUS, DIARIA) VALUES (12,'27/01/2019',2019,'BMW 750i xDrive','LWJ2940','Disponível',1450);
INSERT INTO VEICULOS (IDVEICULO, DATAAQUISICAO, ANO, MODELO, PLACA, STATUS, DIARIA) VALUES (13,'21/01/2019',2019,'Mercedes-Benz S65 AMG Coupe','LWJ2941','Disponível',1950);
INSERT INTO VEICULOS (IDVEICULO, DATAAQUISICAO, ANO, MODELO, PLACA, STATUS, DIARIA) VALUES (14,'10/01/2019',2019,'Infiniti Q50S 3.7 Sedan','LWJ2942','Disponível',2100);
INSERT INTO VEICULOS (IDVEICULO, DATAAQUISICAO, ANO, MODELO, PLACA, STATUS, DIARIA) VALUES (15,'07/01/2019',2019,'Volvo XC90 T8 Hybrid','LWJ2943','Disponível',1600);
INSERT INTO VEICULOS (IDVEICULO, DATAAQUISICAO, ANO, MODELO, PLACA, STATUS, DIARIA) VALUES (16,'25/01/2019',2019,'Volvo XC90 T8 Hybrid','LWJ2944','Disponível',1600);
INSERT INTO VEICULOS (IDVEICULO, DATAAQUISICAO, ANO, MODELO, PLACA, STATUS, DIARIA) VALUES (17,'22/01/2019',2019,'Volvo XC90 T8 Hybrid','LWJ2945','Disponível',1600);
INSERT INTO VEICULOS (IDVEICULO, DATAAQUISICAO, ANO, MODELO, PLACA, STATUS, DIARIA) VALUES (18,'24/01/2019',2019,'BMW 750i xDrive','LWJ2946','Disponível',1450);
INSERT INTO VEICULOS (IDVEICULO, DATAAQUISICAO, ANO, MODELO, PLACA, STATUS, DIARIA) VALUES (19,'16/01/2019',2019,'Mercedes-Benz S65 AMG Coupe','LWJ2947','Disponível',1950);
INSERT INTO VEICULOS (IDVEICULO, DATAAQUISICAO, ANO, MODELO, PLACA, STATUS, DIARIA) VALUES (20,'30/01/2019',2019,'Volvo XC90 T8 Hybrid','LWJ2948','Disponível',1600);
INSERT INTO VEICULOS (IDVEICULO, DATAAQUISICAO, ANO, MODELO, PLACA, STATUS, DIARIA) VALUES (21,'04/01/2019',2019,'Tesla Model S P90D','LWJ2949','Disponível',1800);
INSERT INTO VEICULOS (IDVEICULO, DATAAQUISICAO, ANO, MODELO, PLACA, STATUS, DIARIA) VALUES (22,'23/01/2019',2019,'Infiniti Q50S 3.7 Sedan','LWJ2950','Disponível',2100);
INSERT INTO VEICULOS (IDVEICULO, DATAAQUISICAO, ANO, MODELO, PLACA, STATUS, DIARIA) VALUES (23,'13/01/2019',2019,'BMW 750i xDrive','LWJ2951','Disponível',1450);
INSERT INTO VEICULOS (IDVEICULO, DATAAQUISICAO, ANO, MODELO, PLACA, STATUS, DIARIA) VALUES (24,'05/01/2019',2019,'Volvo XC90 T8 Hybrid','LWJ2952','Disponível',1600);
INSERT INTO VEICULOS (IDVEICULO, DATAAQUISICAO, ANO, MODELO, PLACA, STATUS, DIARIA) VALUES (25,'06/01/2019',2019,'Mercedes-Benz S65 AMG Coupe','LWJ2953','Indisponivel',1950);
INSERT INTO VEICULOS (IDVEICULO, DATAAQUISICAO, ANO, MODELO, PLACA, STATUS, DIARIA) VALUES (26,'05/01/2019',2019,'BMW 750i xDrive','LWJ2954','Disponível',1450);
INSERT INTO VEICULOS (IDVEICULO, DATAAQUISICAO, ANO, MODELO, PLACA, STATUS, DIARIA) VALUES (27,'30/01/2019',2019,'Tesla Model S P90D','LWJ2955','Disponível',1800);
INSERT INTO VEICULOS (IDVEICULO, DATAAQUISICAO, ANO, MODELO, PLACA, STATUS, DIARIA) VALUES (28,'28/01/2019',2019,'BMW 750i xDrive','LWJ2956','Disponível',1450);
INSERT INTO VEICULOS (IDVEICULO, DATAAQUISICAO, ANO, MODELO, PLACA, STATUS, DIARIA) VALUES (29,'15/01/2019',2019,'Infiniti Q50S 3.7 Sedan','LWJ2957','Disponível',2100);
INSERT INTO VEICULOS (IDVEICULO, DATAAQUISICAO, ANO, MODELO, PLACA, STATUS, DIARIA) VALUES (30,'12/01/2019',2019,'BMW 750i xDrive','LWJ2958','Disponível',1450);
--INSERE LOCACAO
INSERT INTO LOCACAO (IDLOCACAO, IDCLIENTE, IDDESPACHANTE, IDVEICULO, DATALOCACAO, DATAENTREGA, TOTAL) VALUES (1,3,5,22,'20/02/2019','20/02/2019',1996);
INSERT INTO LOCACAO (IDLOCACAO, IDCLIENTE, IDDESPACHANTE, IDVEICULO, DATALOCACAO, DATAENTREGA, TOTAL) VALUES (2,5,5,7,'30/06/2019','03/07/2019',1843);
INSERT INTO LOCACAO (IDLOCACAO, IDCLIENTE, IDDESPACHANTE, IDVEICULO, DATALOCACAO, DATAENTREGA, TOTAL) VALUES (3,17,5,3,'09/03/2019','11/03/2019',2016);
INSERT INTO LOCACAO (IDLOCACAO, IDCLIENTE, IDDESPACHANTE, IDVEICULO, DATALOCACAO, DATAENTREGA, TOTAL) VALUES (4,24,3,6,'19/04/2019','22/04/2019',1857);
INSERT INTO LOCACAO (IDLOCACAO, IDCLIENTE, IDDESPACHANTE, IDVEICULO, DATALOCACAO, DATAENTREGA, TOTAL) VALUES (5,8,10,3,'24/02/2019','26/02/2019',2049);
INSERT INTO LOCACAO (IDLOCACAO, IDCLIENTE, IDDESPACHANTE, IDVEICULO, DATALOCACAO, DATAENTREGA, TOTAL) VALUES (6,14,5,23,'15/05/2019','19/05/2019',1986);
INSERT INTO LOCACAO (IDLOCACAO, IDCLIENTE, IDDESPACHANTE, IDVEICULO, DATALOCACAO, DATAENTREGA, TOTAL) VALUES (7,13,2,6,'01/05/2019','04/05/2019',1989);
INSERT INTO LOCACAO (IDLOCACAO, IDCLIENTE, IDDESPACHANTE, IDVEICULO, DATALOCACAO, DATAENTREGA, TOTAL) VALUES (8,22,5,29,'29/03/2019','03/04/2019',1874);
INSERT INTO LOCACAO (IDLOCACAO, IDCLIENTE, IDDESPACHANTE, IDVEICULO, DATALOCACAO, DATAENTREGA, TOTAL) VALUES (9,17,7,13,'10/05/2019','13/05/2019',2027);
INSERT INTO LOCACAO (IDLOCACAO, IDCLIENTE, IDDESPACHANTE, IDVEICULO, DATALOCACAO, DATAENTREGA, TOTAL) VALUES (10,1,2,21,'17/03/2019','19/03/2019',2010);
INSERT INTO LOCACAO (IDLOCACAO, IDCLIENTE, IDDESPACHANTE, IDVEICULO, DATALOCACAO, DATAENTREGA, TOTAL) VALUES (11,11,5,19,'12/05/2019','17/05/2019',2006);
INSERT INTO LOCACAO (IDLOCACAO, IDCLIENTE, IDDESPACHANTE, IDVEICULO, DATALOCACAO, DATAENTREGA, TOTAL) VALUES (12,19,10,2,'26/02/2019','26/02/2019',1915);
INSERT INTO LOCACAO (IDLOCACAO, IDCLIENTE, IDDESPACHANTE, IDVEICULO, DATALOCACAO, DATAENTREGA, TOTAL) VALUES (13,20,6,9,'12/06/2019','17/06/2019',2089);
INSERT INTO LOCACAO (IDLOCACAO, IDCLIENTE, IDDESPACHANTE, IDVEICULO, DATALOCACAO, DATAENTREGA, TOTAL) VALUES (14,24,5,3,'04/06/2019','06/06/2019',1942);
INSERT INTO LOCACAO (IDLOCACAO, IDCLIENTE, IDDESPACHANTE, IDVEICULO, DATALOCACAO, DATAENTREGA, TOTAL) VALUES (15,10,10,1,'22/02/2019','23/02/2019',2071);
INSERT INTO LOCACAO (IDLOCACAO, IDCLIENTE, IDDESPACHANTE, IDVEICULO, DATALOCACAO, DATAENTREGA, TOTAL) VALUES (16,17,4,13,'29/05/2019','29/05/2019',2035);
INSERT INTO LOCACAO (IDLOCACAO, IDCLIENTE, IDDESPACHANTE, IDVEICULO, DATALOCACAO, DATAENTREGA, TOTAL) VALUES (17,4,1,11,'09/04/2019','13/04/2019',1810);
INSERT INTO LOCACAO (IDLOCACAO, IDCLIENTE, IDDESPACHANTE, IDVEICULO, DATALOCACAO, DATAENTREGA, TOTAL) VALUES (18,9,8,11,'21/04/2019','23/04/2019',2017);
INSERT INTO LOCACAO (IDLOCACAO, IDCLIENTE, IDDESPACHANTE, IDVEICULO, DATALOCACAO, DATAENTREGA, TOTAL) VALUES (19,3,7,29,'11/05/2019','15/05/2019',2095);
INSERT INTO LOCACAO (IDLOCACAO, IDCLIENTE, IDDESPACHANTE, IDVEICULO, DATALOCACAO, DATAENTREGA, TOTAL) VALUES (20,1,10,2,'17/06/2019','17/06/2019',2020);
INSERT INTO LOCACAO (IDLOCACAO, IDCLIENTE, IDDESPACHANTE, IDVEICULO, DATALOCACAO, DATAENTREGA, TOTAL) VALUES (21,13,6,1,'12/04/2019','15/04/2019',2077);
INSERT INTO LOCACAO (IDLOCACAO, IDCLIENTE, IDDESPACHANTE, IDVEICULO, DATALOCACAO, DATAENTREGA, TOTAL) VALUES (22,16,6,8,'02/06/2019','03/06/2019',1867);
INSERT INTO LOCACAO (IDLOCACAO, IDCLIENTE, IDDESPACHANTE, IDVEICULO, DATALOCACAO, DATAENTREGA, TOTAL) VALUES (23,19,9,17,'12/05/2019','17/05/2019',1862);
INSERT INTO LOCACAO (IDLOCACAO, IDCLIENTE, IDDESPACHANTE, IDVEICULO, DATALOCACAO, DATAENTREGA, TOTAL) VALUES (24,13,6,20,'06/04/2019','07/04/2019',1855);
INSERT INTO LOCACAO (IDLOCACAO, IDCLIENTE, IDDESPACHANTE, IDVEICULO, DATALOCACAO, DATAENTREGA, TOTAL) VALUES (25,21,4,21,'26/04/2019','28/04/2019',2033);
INSERT INTO LOCACAO (IDLOCACAO, IDCLIENTE, IDDESPACHANTE, IDVEICULO, DATALOCACAO, DATAENTREGA, TOTAL) VALUES (26,25,10,8,'16/03/2019','21/03/2019',2034);
INSERT INTO LOCACAO (IDLOCACAO, IDCLIENTE, IDDESPACHANTE, IDVEICULO, DATALOCACAO, DATAENTREGA, TOTAL) VALUES (27,8,2,3,'06/05/2019','09/05/2019',1865);
INSERT INTO LOCACAO (IDLOCACAO, IDCLIENTE, IDDESPACHANTE, IDVEICULO, DATALOCACAO, DATAENTREGA, TOTAL) VALUES (28,15,3,1,'05/06/2019','07/06/2019',1997);
INSERT INTO LOCACAO (IDLOCACAO, IDCLIENTE, IDDESPACHANTE, IDVEICULO, DATALOCACAO, DATAENTREGA, TOTAL) VALUES (29,22,7,8,'07/05/2019','12/05/2019',2032);
INSERT INTO LOCACAO (IDLOCACAO, IDCLIENTE, IDDESPACHANTE, IDVEICULO, DATALOCACAO, DATAENTREGA, TOTAL) VALUES (30,13,3,7,'06/05/2019','06/05/2019',2011);
INSERT INTO LOCACAO (IDLOCACAO, IDCLIENTE, IDDESPACHANTE, IDVEICULO, DATALOCACAO, DATAENTREGA, TOTAL) VALUES (31,14,1,21,'26/03/2019','28/03/2019',1867);
INSERT INTO LOCACAO (IDLOCACAO, IDCLIENTE, IDDESPACHANTE, IDVEICULO, DATALOCACAO, DATAENTREGA, TOTAL) VALUES (32,19,9,13,'14/03/2019','18/03/2019',1963);
INSERT INTO LOCACAO (IDLOCACAO, IDCLIENTE, IDDESPACHANTE, IDVEICULO, DATALOCACAO, DATAENTREGA, TOTAL) VALUES (33,6,1,20,'15/04/2019','16/04/2019',1845);
INSERT INTO LOCACAO (IDLOCACAO, IDCLIENTE, IDDESPACHANTE, IDVEICULO, DATALOCACAO, DATAENTREGA, TOTAL) VALUES (34,13,2,26,'28/06/2019','02/07/2019',2020);
INSERT INTO LOCACAO (IDLOCACAO, IDCLIENTE, IDDESPACHANTE, IDVEICULO, DATALOCACAO, DATAENTREGA, TOTAL) VALUES (35,15,4,2,'22/06/2019','25/06/2019',1938);
INSERT INTO LOCACAO (IDLOCACAO, IDCLIENTE, IDDESPACHANTE, IDVEICULO, DATALOCACAO, DATAENTREGA, TOTAL) VALUES (36,5,1,18,'01/06/2019','06/06/2019',1980);
INSERT INTO LOCACAO (IDLOCACAO, IDCLIENTE, IDDESPACHANTE, IDVEICULO, DATALOCACAO, DATAENTREGA, TOTAL) VALUES (37,11,4,20,'21/03/2019','23/03/2019',2037);
INSERT INTO LOCACAO (IDLOCACAO, IDCLIENTE, IDDESPACHANTE, IDVEICULO, DATALOCACAO, DATAENTREGA, TOTAL) VALUES (38,24,6,23,'31/05/2019','01/06/2019',1970);
INSERT INTO LOCACAO (IDLOCACAO, IDCLIENTE, IDDESPACHANTE, IDVEICULO, DATALOCACAO, DATAENTREGA, TOTAL) VALUES (39,7,10,18,'02/05/2019','03/05/2019',1900);
INSERT INTO LOCACAO (IDLOCACAO, IDCLIENTE, IDDESPACHANTE, IDVEICULO, DATALOCACAO, DATAENTREGA, TOTAL) VALUES (40,21,1,9,'15/06/2019','19/06/2019',1888);
INSERT INTO LOCACAO (IDLOCACAO, IDCLIENTE, IDDESPACHANTE, IDVEICULO, DATALOCACAO, DATAENTREGA, TOTAL) VALUES (41,17,10,4,'20/02/2019','25/02/2019',2042);
INSERT INTO LOCACAO (IDLOCACAO, IDCLIENTE, IDDESPACHANTE, IDVEICULO, DATALOCACAO, DATAENTREGA, TOTAL) VALUES (42,9,1,5,'04/03/2019','04/03/2019',1821);
INSERT INTO LOCACAO (IDLOCACAO, IDCLIENTE, IDDESPACHANTE, IDVEICULO, DATALOCACAO, DATAENTREGA, TOTAL) VALUES (43,4,3,10,'21/05/2019','24/05/2019',2009);
INSERT INTO LOCACAO (IDLOCACAO, IDCLIENTE, IDDESPACHANTE, IDVEICULO, DATALOCACAO, DATAENTREGA, TOTAL) VALUES (44,20,1,14,'02/04/2019','02/04/2019',1837);
INSERT INTO LOCACAO (IDLOCACAO, IDCLIENTE, IDDESPACHANTE, IDVEICULO, DATALOCACAO, DATAENTREGA, TOTAL) VALUES (45,13,9,21,'08/06/2019','10/06/2019',1971);
INSERT INTO LOCACAO (IDLOCACAO, IDCLIENTE, IDDESPACHANTE, IDVEICULO, DATALOCACAO, DATAENTREGA, TOTAL) VALUES (46,6,3,21,'28/05/2019','30/05/2019',1818);
INSERT INTO LOCACAO (IDLOCACAO, IDCLIENTE, IDDESPACHANTE, IDVEICULO, DATALOCACAO, DATAENTREGA, TOTAL) VALUES (47,15,5,6,'22/02/2019','22/02/2019',2031);
INSERT INTO LOCACAO (IDLOCACAO, IDCLIENTE, IDDESPACHANTE, IDVEICULO, DATALOCACAO, DATAENTREGA, TOTAL) VALUES (48,9,7,8,'04/06/2019','09/06/2019',1938);
INSERT INTO LOCACAO (IDLOCACAO, IDCLIENTE, IDDESPACHANTE, IDVEICULO, DATALOCACAO, DATAENTREGA, TOTAL) VALUES (49,1,2,22,'08/03/2019','10/03/2019',1975);
INSERT INTO LOCACAO (IDLOCACAO, IDCLIENTE, IDDESPACHANTE, IDVEICULO, DATALOCACAO, DATAENTREGA, TOTAL) VALUES (50,23,10,1,'27/02/2019','04/03/2019',2014);
INSERT INTO LOCACAO (IDLOCACAO, IDCLIENTE, IDDESPACHANTE, IDVEICULO, DATALOCACAO, DATAENTREGA, TOTAL) VALUES (51,17,10,15,'15/03/2019','19/03/2019',1958);
INSERT INTO LOCACAO (IDLOCACAO, IDCLIENTE, IDDESPACHANTE, IDVEICULO, DATALOCACAO, DATAENTREGA, TOTAL) VALUES (52,21,10,1,'11/05/2019','11/05/2019',2024);
INSERT INTO LOCACAO (IDLOCACAO, IDCLIENTE, IDDESPACHANTE, IDVEICULO, DATALOCACAO, DATAENTREGA, TOTAL) VALUES (53,12,1,20,'20/04/2019','20/04/2019',1946);
INSERT INTO LOCACAO (IDLOCACAO, IDCLIENTE, IDDESPACHANTE, IDVEICULO, DATALOCACAO, DATAENTREGA, TOTAL) VALUES (54,23,6,22,'07/05/2019','09/05/2019',1855);
INSERT INTO LOCACAO (IDLOCACAO, IDCLIENTE, IDDESPACHANTE, IDVEICULO, DATALOCACAO, DATAENTREGA, TOTAL) VALUES (55,13,5,15,'05/03/2019','09/03/2019',2039);
INSERT INTO LOCACAO (IDLOCACAO, IDCLIENTE, IDDESPACHANTE, IDVEICULO, DATALOCACAO, DATAENTREGA, TOTAL) VALUES (56,16,3,28,'18/03/2019','21/03/2019',1991);
INSERT INTO LOCACAO (IDLOCACAO, IDCLIENTE, IDDESPACHANTE, IDVEICULO, DATALOCACAO, DATAENTREGA, TOTAL) VALUES (57,3,5,5,'18/03/2019','18/03/2019',1914);
INSERT INTO LOCACAO (IDLOCACAO, IDCLIENTE, IDDESPACHANTE, IDVEICULO, DATALOCACAO, DATAENTREGA, TOTAL) VALUES (58,7,5,28,'21/04/2019','22/04/2019',1890);
INSERT INTO LOCACAO (IDLOCACAO, IDCLIENTE, IDDESPACHANTE, IDVEICULO, DATALOCACAO, DATAENTREGA, TOTAL) VALUES (59,23,7,24,'21/06/2019','24/06/2019',1840);
INSERT INTO LOCACAO (IDLOCACAO, IDCLIENTE, IDDESPACHANTE, IDVEICULO, DATALOCACAO, DATAENTREGA, TOTAL) VALUES (60,15,1,4,'27/03/2019','28/03/2019',2004);
INSERT INTO LOCACAO (IDLOCACAO, IDCLIENTE, IDDESPACHANTE, IDVEICULO, DATALOCACAO, DATAENTREGA, TOTAL) VALUES (61,9,2,20,'08/03/2019','08/03/2019',2075);
INSERT INTO LOCACAO (IDLOCACAO, IDCLIENTE, IDDESPACHANTE, IDVEICULO, DATALOCACAO, DATAENTREGA, TOTAL) VALUES (62,23,5,2,'10/05/2019','11/05/2019',1838);
INSERT INTO LOCACAO (IDLOCACAO, IDCLIENTE, IDDESPACHANTE, IDVEICULO, DATALOCACAO, DATAENTREGA, TOTAL) VALUES (63,5,9,30,'21/05/2019','22/05/2019',1974);
INSERT INTO LOCACAO (IDLOCACAO, IDCLIENTE, IDDESPACHANTE, IDVEICULO, DATALOCACAO, DATAENTREGA, TOTAL) VALUES (64,23,4,8,'26/02/2019','02/03/2019',2064);
INSERT INTO LOCACAO (IDLOCACAO, IDCLIENTE, IDDESPACHANTE, IDVEICULO, DATALOCACAO, DATAENTREGA, TOTAL) VALUES (65,22,8,18,'22/05/2019','22/05/2019',1836);
INSERT INTO LOCACAO (IDLOCACAO, IDCLIENTE, IDDESPACHANTE, IDVEICULO, DATALOCACAO, DATAENTREGA, TOTAL) VALUES (66,11,4,17,'20/04/2019','20/04/2019',1800);
INSERT INTO LOCACAO (IDLOCACAO, IDCLIENTE, IDDESPACHANTE, IDVEICULO, DATALOCACAO, DATAENTREGA, TOTAL) VALUES (67,2,7,7,'22/06/2019','25/06/2019',2070);
INSERT INTO LOCACAO (IDLOCACAO, IDCLIENTE, IDDESPACHANTE, IDVEICULO, DATALOCACAO, DATAENTREGA, TOTAL) VALUES (68,4,5,26,'11/04/2019','14/04/2019',2001);
INSERT INTO LOCACAO (IDLOCACAO, IDCLIENTE, IDDESPACHANTE, IDVEICULO, DATALOCACAO, DATAENTREGA, TOTAL) VALUES (69,11,6,20,'20/02/2019','21/02/2019',1858);
INSERT INTO LOCACAO (IDLOCACAO, IDCLIENTE, IDDESPACHANTE, IDVEICULO, DATALOCACAO, DATAENTREGA, TOTAL) VALUES (70,16,4,11,'26/05/2019','26/05/2019',1983);
INSERT INTO LOCACAO (IDLOCACAO, IDCLIENTE, IDDESPACHANTE, IDVEICULO, DATALOCACAO, DATAENTREGA, TOTAL) VALUES (71,6,1,9,'08/06/2019','08/06/2019',1853);
INSERT INTO LOCACAO (IDLOCACAO, IDCLIENTE, IDDESPACHANTE, IDVEICULO, DATALOCACAO, DATAENTREGA, TOTAL) VALUES (72,7,2,25,'14/06/2019','14/06/2019',1813);
INSERT INTO LOCACAO (IDLOCACAO, IDCLIENTE, IDDESPACHANTE, IDVEICULO, DATALOCACAO, DATAENTREGA, TOTAL) VALUES (73,11,7,19,'27/03/2019','31/03/2019',1950);
INSERT INTO LOCACAO (IDLOCACAO, IDCLIENTE, IDDESPACHANTE, IDVEICULO, DATALOCACAO, DATAENTREGA, TOTAL) VALUES (74,6,5,24,'23/06/2019','23/06/2019',1831);
INSERT INTO LOCACAO (IDLOCACAO, IDCLIENTE, IDDESPACHANTE, IDVEICULO, DATALOCACAO, DATAENTREGA, TOTAL) VALUES (75,20,9,13,'03/06/2019','07/06/2019',2049);
INSERT INTO LOCACAO (IDLOCACAO, IDCLIENTE, IDDESPACHANTE, IDVEICULO, DATALOCACAO, DATAENTREGA, TOTAL) VALUES (76,7,8,30,'13/05/2019','17/05/2019',1843);
INSERT INTO LOCACAO (IDLOCACAO, IDCLIENTE, IDDESPACHANTE, IDVEICULO, DATALOCACAO, DATAENTREGA, TOTAL) VALUES (77,24,1,30,'26/06/2019','30/06/2019',1881);
INSERT INTO LOCACAO (IDLOCACAO, IDCLIENTE, IDDESPACHANTE, IDVEICULO, DATALOCACAO, DATAENTREGA, TOTAL) VALUES (78,18,5,25,'19/05/2019','24/05/2019',1810);
INSERT INTO LOCACAO (IDLOCACAO, IDCLIENTE, IDDESPACHANTE, IDVEICULO, DATALOCACAO, DATAENTREGA, TOTAL) VALUES (79,7,7,5,'28/04/2019','02/05/2019',1899);
INSERT INTO LOCACAO (IDLOCACAO, IDCLIENTE, IDDESPACHANTE, IDVEICULO, DATALOCACAO, DATAENTREGA, TOTAL) VALUES (80,16,1,9,'15/06/2019','17/06/2019',1812);
INSERT INTO LOCACAO (IDLOCACAO, IDCLIENTE, IDDESPACHANTE, IDVEICULO, DATALOCACAO, DATAENTREGA, TOTAL) VALUES (81,22,2,22,'08/04/2019','13/04/2019',1921);
INSERT INTO LOCACAO (IDLOCACAO, IDCLIENTE, IDDESPACHANTE, IDVEICULO, DATALOCACAO, DATAENTREGA, TOTAL) VALUES (82,9,6,24,'03/04/2019','03/04/2019',1945);
INSERT INTO LOCACAO (IDLOCACAO, IDCLIENTE, IDDESPACHANTE, IDVEICULO, DATALOCACAO, DATAENTREGA, TOTAL) VALUES (83,11,6,2,'01/04/2019','05/04/2019',1990);
INSERT INTO LOCACAO (IDLOCACAO, IDCLIENTE, IDDESPACHANTE, IDVEICULO, DATALOCACAO, DATAENTREGA, TOTAL) VALUES (84,6,8,25,'16/04/2019','18/04/2019',1956);
INSERT INTO LOCACAO (IDLOCACAO, IDCLIENTE, IDDESPACHANTE, IDVEICULO, DATALOCACAO, DATAENTREGA, TOTAL) VALUES (85,23,10,15,'05/04/2019','05/04/2019',1927);
INSERT INTO LOCACAO (IDLOCACAO, IDCLIENTE, IDDESPACHANTE, IDVEICULO, DATALOCACAO, DATAENTREGA, TOTAL) VALUES (86,23,6,4,'23/04/2019','27/04/2019',1801);
INSERT INTO LOCACAO (IDLOCACAO, IDCLIENTE, IDDESPACHANTE, IDVEICULO, DATALOCACAO, DATAENTREGA, TOTAL) VALUES (87,11,6,18,'22/03/2019','22/03/2019',1802);
INSERT INTO LOCACAO (IDLOCACAO, IDCLIENTE, IDDESPACHANTE, IDVEICULO, DATALOCACAO, DATAENTREGA, TOTAL) VALUES (88,9,5,17,'27/02/2019','27/02/2019',1851);
INSERT INTO LOCACAO (IDLOCACAO, IDCLIENTE, IDDESPACHANTE, IDVEICULO, DATALOCACAO, DATAENTREGA, TOTAL) VALUES (89,16,4,24,'22/06/2019','22/06/2019',2089);
INSERT INTO LOCACAO (IDLOCACAO, IDCLIENTE, IDDESPACHANTE, IDVEICULO, DATALOCACAO, DATAENTREGA, TOTAL) VALUES (90,7,5,25,'27/03/2019','30/03/2019',1967);
INSERT INTO LOCACAO (IDLOCACAO, IDCLIENTE, IDDESPACHANTE, IDVEICULO, DATALOCACAO, DATAENTREGA, TOTAL) VALUES (91,21,1,9,'07/05/2019','12/05/2019',1826);
INSERT INTO LOCACAO (IDLOCACAO, IDCLIENTE, IDDESPACHANTE, IDVEICULO, DATALOCACAO, DATAENTREGA, TOTAL) VALUES (92,24,9,30,'13/05/2019','13/05/2019',1864);
INSERT INTO LOCACAO (IDLOCACAO, IDCLIENTE, IDDESPACHANTE, IDVEICULO, DATALOCACAO, DATAENTREGA, TOTAL) VALUES (93,13,5,12,'10/03/2019','13/03/2019',2056);
INSERT INTO LOCACAO (IDLOCACAO, IDCLIENTE, IDDESPACHANTE, IDVEICULO, DATALOCACAO, DATAENTREGA, TOTAL) VALUES (94,18,6,4,'22/05/2019','25/05/2019',1986);
INSERT INTO LOCACAO (IDLOCACAO, IDCLIENTE, IDDESPACHANTE, IDVEICULO, DATALOCACAO, DATAENTREGA, TOTAL) VALUES (95,22,2,28,'21/02/2019','21/02/2019',1861);
INSERT INTO LOCACAO (IDLOCACAO, IDCLIENTE, IDDESPACHANTE, IDVEICULO, DATALOCACAO, DATAENTREGA, TOTAL) VALUES (96,5,10,17,'22/06/2019','26/06/2019',1860);
INSERT INTO LOCACAO (IDLOCACAO, IDCLIENTE, IDDESPACHANTE, IDVEICULO, DATALOCACAO, DATAENTREGA, TOTAL) VALUES (97,16,9,1,'27/02/2019','03/03/2019',2100);
INSERT INTO LOCACAO (IDLOCACAO, IDCLIENTE, IDDESPACHANTE, IDVEICULO, DATALOCACAO, DATAENTREGA, TOTAL) VALUES (98,8,3,2,'29/05/2019','29/05/2019',2054);
INSERT INTO LOCACAO (IDLOCACAO, IDCLIENTE, IDDESPACHANTE, IDVEICULO, DATALOCACAO, DATAENTREGA, TOTAL) VALUES (99,1,3,30,'30/03/2019','01/04/2019',1886);
INSERT INTO LOCACAO (IDLOCACAO, IDCLIENTE, IDDESPACHANTE, IDVEICULO, DATALOCACAO, DATAENTREGA, TOTAL) VALUES (100,15,8,20,'12/06/2019','14/06/2019',1939);
